latitude,longitude,bright_ti4,scan,track,acq_date,acq_time,satellite,instrument,confidence,version,bright_ti5,frp,daynight,type,source,brightness,bright_t31
40.82246,-114.25563,324.62,0.39,0.36,2020-10-30,929,N,VIIRS,n,2,276.69,2.3,N,2,VIIRS_SNPP_SP,,
41.11698,-123.24687,315.9,0.56,0.51,2020-10-30,929,N,VIIRS,n,2,286.51,2.06,N,0,VIIRS_SNPP_SP,,
41.11735,-123.25227,303.56,0.56,0.51,2020-10-30,929,N,VIIRS,n,2,285.74,1.86,N,0,VIIRS_SNPP_SP,,
41.1207,-123.23122,311.07,0.56,0.51,2020-10-30,929,N,VIIRS,n,2,284.53,2.67,N,0,VIIRS_SNPP_SP,,
41.1211,-123.23697,318.86,0.56,0.51,2020-10-30,929,N,VIIRS,n,2,287.63,2.67,N,0,VIIRS_SNPP_SP,,
41.12146,-123.24221,301.97,0.56,0.51,2020-10-30,929,N,VIIRS,n,2,287.18,2.06,N,0,VIIRS_SNPP_SP,,
41.12183,-123.24748,303.27,0.56,0.51,2020-10-30,929,N,VIIRS,n,2,287.73,2.06,N,0,VIIRS_SNPP_SP,,
41.1222,-123.25296,302.97,0.56,0.51,2020-10-30,929,N,VIIRS,n,2,286.52,1.86,N,0,VIIRS_SNPP_SP,,
41.1255,-123.23115,295.03,0.56,0.51,2020-10-30,929,N,VIIRS,n,2,283.34,1.05,N,0,VIIRS_SNPP_SP,,
41.12592,-123.23723,297.16,0.56,0.51,2020-10-30,929,N,VIIRS,n,2,285.65,1.05,N,0,VIIRS_SNPP_SP,,
41.13031,-123.23109,302.12,0.56,0.51,2020-10-30,929,N,VIIRS,n,2,283.49,1.05,N,0,VIIRS_SNPP_SP,,
37.38788,-118.97105,301.92,0.47,0.4,2020-10-30,930,N,VIIRS,n,2,279.09,1.15,N,0,VIIRS_SNPP_SP,,
37.39148,-118.96997,299.76,0.47,0.4,2020-10-30,930,N,VIIRS,n,2,279.28,1.15,N,0,VIIRS_SNPP_SP,,
37.39539,-119.00204,307.64,0.48,0.4,2020-10-30,930,N,VIIRS,n,2,273.7,1.97,N,0,VIIRS_SNPP_SP,,
37.39603,-119.00739,312.53,0.48,0.4,2020-10-30,930,N,VIIRS,n,2,275.88,1.97,N,0,VIIRS_SNPP_SP,,
37.39668,-119.01269,342.24,0.48,0.4,2020-10-30,930,N,VIIRS,n,2,281.59,4.87,N,0,VIIRS_SNPP_SP,,
37.39731,-119.01792,318.07,0.48,0.4,2020-10-30,930,N,VIIRS,n,2,277.38,4.87,N,0,VIIRS_SNPP_SP,,
37.39745,-118.95773,297.66,0.47,0.4,2020-10-30,930,N,VIIRS,n,2,278.45,1.65,N,0,VIIRS_SNPP_SP,,
37.39795,-119.02313,311.89,0.48,0.4,2020-10-30,930,N,VIIRS,n,2,276.26,2.67,N,0,VIIRS_SNPP_SP,,
37.39836,-118.99574,295.62,0.48,0.4,2020-10-30,930,N,VIIRS,n,2,277.8,2.4,N,0,VIIRS_SNPP_SP,,
37.39902,-119.00116,326.56,0.48,0.4,2020-10-30,930,N,VIIRS,n,2,275.12,2.83,N,0,VIIRS_SNPP_SP,,
37.39919,-119.03341,296.93,0.48,0.4,2020-10-30,930,N,VIIRS,n,2,276.62,0.97,N,0,VIIRS_SNPP_SP,,
37.3998,-119.03842,299.97,0.48,0.4,2020-10-30,930,N,VIIRS,n,2,278.86,0.97,N,0,VIIRS_SNPP_SP,,
37.40158,-119.0223,303.84,0.48,0.4,2020-10-30,930,N,VIIRS,n,2,273.23,3.19,N,0,VIIRS_SNPP_SP,,
37.40198,-118.9948,322.71,0.48,0.4,2020-10-30,930,N,VIIRS,n,2,277.72,2.4,N,0,VIIRS_SNPP_SP,,
37.40221,-119.0275,332.83,0.48,0.4,2020-10-30,930,N,VIIRS,n,2,280.03,3.19,N,0,VIIRS_SNPP_SP,,
37.40265,-119.00028,317.33,0.48,0.4,2020-10-30,930,N,VIIRS,n,2,274.43,2.83,N,0,VIIRS_SNPP_SP,,
37.40283,-119.0326,313.47,0.48,0.4,2020-10-30,930,N,VIIRS,n,2,276.74,2.2,N,0,VIIRS_SNPP_SP,,
37.40348,-118.94597,302.96,0.47,0.4,2020-10-30,930,N,VIIRS,n,2,274.82,1.08,N,0,VIIRS_SNPP_SP,,
37.40645,-118.94825,301.26,0.47,0.4,2020-10-30,930,N,VIIRS,n,2,277.89,1.77,N,0,VIIRS_SNPP_SP,,
37.41658,-119.06643,298.77,0.48,0.4,2020-10-30,930,N,VIIRS,n,2,278.06,1.15,N,0,VIIRS_SNPP_SP,,
37.41725,-119.07222,296.48,0.48,0.4,2020-10-30,930,N,VIIRS,n,2,279.26,1.15,N,0,VIIRS_SNPP_SP,,
37.41784,-118.94982,314.69,0.47,0.4,2020-10-30,930,N,VIIRS,n,2,279.52,1.52,N,0,VIIRS_SNPP_SP,,
37.4179,-119.07787,299.49,0.48,0.4,2020-10-30,930,N,VIIRS,n,2,278.06,3.18,N,0,VIIRS_SNPP_SP,,
37.41838,-119.06812,299.23,0.48,0.4,2020-10-30,930,N,VIIRS,n,2,278.39,1.12,N,0,VIIRS_SNPP_SP,,
37.41909,-119.07388,311.75,0.48,0.4,2020-10-30,930,N,VIIRS,n,2,279.2,1.75,N,0,VIIRS_SNPP_SP,,
37.41977,-119.07948,307.4,0.48,0.4,2020-10-30,930,N,VIIRS,n,2,278.16,1.75,N,0,VIIRS_SNPP_SP,,
37.42088,-119.07118,308.22,0.48,0.4,2020-10-30,930,N,VIIRS,n,2,277.95,1.15,N,0,VIIRS_SNPP_SP,,
37.42143,-118.94859,295.42,0.47,0.4,2020-10-30,930,N,VIIRS,n,2,275.97,1.52,N,0,VIIRS_SNPP_SP,,
37.42154,-119.07685,334.51,0.48,0.4,2020-10-30,930,N,VIIRS,n,2,281.03,3.18,N,0,VIIRS_SNPP_SP,,
37.42218,-119.0824,326.01,0.48,0.4,2020-10-30,930,N,VIIRS,n,2,279.75,3.18,N,0,VIIRS_SNPP_SP,,
37.4227,-119.07281,327.49,0.48,0.4,2020-10-30,930,N,VIIRS,n,2,279.87,4.4,N,0,VIIRS_SNPP_SP,,
37.42339,-119.07841,341.04,0.48,0.4,2020-10-30,930,N,VIIRS,n,2,284.07,4.4,N,0,VIIRS_SNPP_SP,,
37.42516,-119.07573,308.54,0.48,0.4,2020-10-30,930,N,VIIRS,n,2,277.99,1.71,N,0,VIIRS_SNPP_SP,,
37.42581,-119.0813,312.85,0.48,0.4,2020-10-30,930,N,VIIRS,n,2,278.27,1.71,N,0,VIIRS_SNPP_SP,,
37.42646,-119.08691,313.12,0.48,0.4,2020-10-30,930,N,VIIRS,n,2,277.73,2.58,N,0,VIIRS_SNPP_SP,,
37.42838,-119.08861,309.93,0.48,0.4,2020-10-30,930,N,VIIRS,n,2,278.37,3.95,N,0,VIIRS_SNPP_SP,,
37.44033,-119.07713,296.5,0.48,0.4,2020-10-30,930,N,VIIRS,n,2,276.19,0.8,N,0,VIIRS_SNPP_SP,,
37.44615,-119.09492,297.69,0.48,0.4,2020-10-30,930,N,VIIRS,n,2,278.43,1.97,N,0,VIIRS_SNPP_SP,,
37.45048,-119.09982,311.73,0.48,0.4,2020-10-30,930,N,VIIRS,n,2,278.61,2.2,N,0,VIIRS_SNPP_SP,,
37.4524,-119.11622,296.49,0.48,0.4,2020-10-30,930,N,VIIRS,n,2,279.84,1.53,N,0,VIIRS_SNPP_SP,,
37.45395,-121.93306,300.03,0.43,0.46,2020-10-30,930,N,VIIRS,n,2,280.47,0.57,N,2,VIIRS_SNPP_SP,,
37.45413,-119.09894,315.78,0.48,0.4,2020-10-30,930,N,VIIRS,n,2,279.57,2.2,N,0,VIIRS_SNPP_SP,,
37.45473,-119.23363,298.98,0.49,0.4,2020-10-30,930,N,VIIRS,n,2,283.78,0.88,N,0,VIIRS_SNPP_SP,,
37.45476,-119.10425,301.13,0.48,0.4,2020-10-30,930,N,VIIRS,n,2,279.98,1.59,N,0,VIIRS_SNPP_SP,,
37.45538,-119.1096,303.45,0.48,0.4,2020-10-30,930,N,VIIRS,n,2,279.29,1.59,N,0,VIIRS_SNPP_SP,,
37.45777,-119.09795,317.75,0.48,0.4,2020-10-30,930,N,VIIRS,n,2,278.38,3.51,N,0,VIIRS_SNPP_SP,,
37.45968,-119.11416,311.46,0.48,0.4,2020-10-30,930,N,VIIRS,n,2,281.01,1.52,N,0,VIIRS_SNPP_SP,,
37.46036,-119.11997,306.64,0.48,0.4,2020-10-30,930,N,VIIRS,n,2,279.38,1.52,N,0,VIIRS_SNPP_SP,,
37.46202,-119.10216,327.01,0.48,0.4,2020-10-30,930,N,VIIRS,n,2,282.46,5.04,N,0,VIIRS_SNPP_SP,,
37.46331,-119.11308,303.42,0.48,0.4,2020-10-30,930,N,VIIRS,n,2,279.98,1.52,N,0,VIIRS_SNPP_SP,,
37.46468,-119.12474,299.73,0.48,0.4,2020-10-30,930,N,VIIRS,n,2,280.03,1.33,N,0,VIIRS_SNPP_SP,,
37.46537,-119.13062,305.48,0.48,0.4,2020-10-30,930,N,VIIRS,n,2,280.79,1.33,N,0,VIIRS_SNPP_SP,,
37.46763,-119.11781,301.13,0.48,0.4,2020-10-30,930,N,VIIRS,n,2,279.84,1.37,N,0,VIIRS_SNPP_SP,,
37.46833,-119.12381,318.25,0.48,0.4,2020-10-30,930,N,VIIRS,n,2,281.49,2.2,N,0,VIIRS_SNPP_SP,,
37.46903,-119.12975,304.72,0.48,0.4,2020-10-30,930,N,VIIRS,n,2,280.68,2.2,N,0,VIIRS_SNPP_SP,,
37.47199,-119.12292,316.11,0.48,0.4,2020-10-30,930,N,VIIRS,n,2,282.36,2.2,N,0,VIIRS_SNPP_SP,,
37.47566,-119.12225,320.87,0.48,0.4,2020-10-30,930,N,VIIRS,n,2,282.68,2.19,N,0,VIIRS_SNPP_SP,,
37.47637,-119.12821,306.75,0.48,0.4,2020-10-30,930,N,VIIRS,n,2,278.78,2.19,N,0,VIIRS_SNPP_SP,,
37.48232,-119.11489,298.06,0.48,0.4,2020-10-30,930,N,VIIRS,n,2,276.48,1.19,N,0,VIIRS_SNPP_SP,,
37.48805,-119.1316,317.8,0.48,0.4,2020-10-30,930,N,VIIRS,n,2,278.01,2.61,N,0,VIIRS_SNPP_SP,,
37.49169,-119.13052,336.19,0.48,0.4,2020-10-30,930,N,VIIRS,n,2,283.38,6.52,N,0,VIIRS_SNPP_SP,,
37.5094,-119.12135,307.2,0.48,0.4,2020-10-30,930,N,VIIRS,n,2,277.41,1.64,N,0,VIIRS_SNPP_SP,,
37.51006,-119.12685,301.68,0.48,0.4,2020-10-30,930,N,VIIRS,n,2,278.14,1.45,N,0,VIIRS_SNPP_SP,,
37.51613,-119.11475,307.98,0.48,0.4,2020-10-30,930,N,VIIRS,n,2,277.48,2.21,N,0,VIIRS_SNPP_SP,,
37.51917,-119.10875,318.71,0.48,0.4,2020-10-30,930,N,VIIRS,n,2,285.07,30.99,N,0,VIIRS_SNPP_SP,,
37.5198,-119.11404,327.71,0.48,0.4,2020-10-30,930,N,VIIRS,n,2,279.4,10.61,N,0,VIIRS_SNPP_SP,,
37.52289,-119.10841,326.0,0.48,0.4,2020-10-30,930,N,VIIRS,n,2,298.4,30.99,N,0,VIIRS_SNPP_SP,,
37.52352,-119.11366,317.73,0.48,0.4,2020-10-30,930,N,VIIRS,n,2,278.9,10.61,N,0,VIIRS_SNPP_SP,,
37.52665,-119.10838,319.08,0.48,0.4,2020-10-30,930,N,VIIRS,n,2,279.05,3.13,N,0,VIIRS_SNPP_SP,,
37.52726,-119.11343,306.7,0.48,0.4,2020-10-30,930,N,VIIRS,n,2,277.76,2.62,N,0,VIIRS_SNPP_SP,,
37.53867,-119.33569,299.25,0.49,0.4,2020-10-30,930,N,VIIRS,n,2,274.51,1.23,N,0,VIIRS_SNPP_SP,,
37.5424,-119.33513,306.53,0.49,0.4,2020-10-30,930,N,VIIRS,n,2,278.14,1.23,N,0,VIIRS_SNPP_SP,,
37.54613,-119.33455,298.56,0.49,0.4,2020-10-30,930,N,VIIRS,n,2,277.71,1.67,N,0,VIIRS_SNPP_SP,,
37.54684,-119.16646,303.77,0.48,0.4,2020-10-30,930,N,VIIRS,n,2,278.84,1.28,N,0,VIIRS_SNPP_SP,,
37.54747,-119.17186,295.48,0.48,0.4,2020-10-30,930,N,VIIRS,n,2,279.06,1.64,N,0,VIIRS_SNPP_SP,,
37.54987,-119.33403,303.39,0.49,0.4,2020-10-30,930,N,VIIRS,n,2,277.75,1.67,N,0,VIIRS_SNPP_SP,,
37.55045,-119.16502,326.99,0.48,0.4,2020-10-30,930,N,VIIRS,n,2,280.79,4.14,N,0,VIIRS_SNPP_SP,,
37.55051,-119.33944,312.91,0.49,0.4,2020-10-30,930,N,VIIRS,n,2,279.17,1.67,N,0,VIIRS_SNPP_SP,,
37.55108,-119.17039,328.68,0.48,0.4,2020-10-30,930,N,VIIRS,n,2,279.61,5.61,N,0,VIIRS_SNPP_SP,,
37.55114,-119.34478,308.43,0.49,0.4,2020-10-30,930,N,VIIRS,n,2,277.4,2.14,N,0,VIIRS_SNPP_SP,,
37.55221,-119.11548,300.56,0.48,0.4,2020-10-30,930,N,VIIRS,n,2,280.78,1.24,N,0,VIIRS_SNPP_SP,,
37.55424,-119.33888,320.41,0.49,0.4,2020-10-30,930,N,VIIRS,n,2,279.94,1.69,N,0,VIIRS_SNPP_SP,,
37.55456,-119.10333,314.59,0.48,0.4,2020-10-30,930,N,VIIRS,n,2,280.89,3.9,N,0,VIIRS_SNPP_SP,,
37.55487,-119.34419,302.08,0.49,0.4,2020-10-30,930,N,VIIRS,n,2,276.01,1.91,N,0,VIIRS_SNPP_SP,,
37.55515,-119.33754,307.8,0.49,0.4,2020-10-30,930,N,VIIRS,n,2,277.38,1.51,N,0,VIIRS_SNPP_SP,,
37.55576,-119.34289,301.32,0.49,0.41,2020-10-30,930,N,VIIRS,n,2,275.66,1.51,N,0,VIIRS_SNPP_SP,,
37.55582,-119.11406,299.23,0.48,0.4,2020-10-30,930,N,VIIRS,n,2,281.74,1.24,N,0,VIIRS_SNPP_SP,,
37.55795,-119.33817,295.03,0.49,0.4,2020-10-30,930,N,VIIRS,n,2,274.81,1.69,N,0,VIIRS_SNPP_SP,,
37.58173,-119.3375,310.13,0.49,0.41,2020-10-30,930,N,VIIRS,n,2,275.8,1.4,N,0,VIIRS_SNPP_SP,,
37.58235,-119.34286,295.11,0.49,0.41,2020-10-30,930,N,VIIRS,n,2,274.03,1.57,N,0,VIIRS_SNPP_SP,,
37.59079,-119.28455,328.7,0.49,0.4,2020-10-30,930,N,VIIRS,n,2,279.25,4.79,N,0,VIIRS_SNPP_SP,,
37.59697,-119.27248,299.13,0.49,0.4,2020-10-30,930,N,VIIRS,n,2,274.76,0.87,N,0,VIIRS_SNPP_SP,,
37.60065,-119.27163,311.7,0.49,0.4,2020-10-30,930,N,VIIRS,n,2,277.18,2.03,N,0,VIIRS_SNPP_SP,,
37.61104,-119.26324,305.1,0.49,0.4,2020-10-30,930,N,VIIRS,n,2,276.63,1.76,N,0,VIIRS_SNPP_SP,,
37.61471,-119.26228,308.08,0.49,0.4,2020-10-30,930,N,VIIRS,n,2,278.31,2.08,N,0,VIIRS_SNPP_SP,,
37.63132,-119.24261,311.98,0.49,0.4,2020-10-30,930,N,VIIRS,n,2,278.7,2.88,N,0,VIIRS_SNPP_SP,,
37.87343,-119.57854,315.05,0.51,0.41,2020-10-30,930,N,VIIRS,n,2,279.2,2.01,N,0,VIIRS_SNPP_SP,,
37.87405,-119.58394,306.79,0.51,0.41,2020-10-30,930,N,VIIRS,n,2,277.78,2.01,N,0,VIIRS_SNPP_SP,,
37.88438,-121.18538,297.34,0.4,0.44,2020-10-30,930,N,VIIRS,n,2,279.48,0.63,N,2,VIIRS_SNPP_SP,,
37.8877,-119.63593,309.18,0.51,0.41,2020-10-30,930,N,VIIRS,n,2,277.08,1.54,N,0,VIIRS_SNPP_SP,,
37.88872,-119.61108,304.11,0.51,0.41,2020-10-30,930,N,VIIRS,n,2,276.39,1.27,N,0,VIIRS_SNPP_SP,,
37.89149,-119.63531,302.59,0.51,0.41,2020-10-30,930,N,VIIRS,n,2,277.33,1.54,N,0,VIIRS_SNPP_SP,,
37.89915,-119.6347,296.3,0.51,0.41,2020-10-30,930,N,VIIRS,n,2,276.47,1.03,N,0,VIIRS_SNPP_SP,,
37.94305,-122.39315,297.72,0.47,0.47,2020-10-30,930,N,VIIRS,n,2,286.87,1.19,N,2,VIIRS_SNPP_SP,,
38.00253,-121.93266,296.65,0.44,0.46,2020-10-30,930,N,VIIRS,n,2,285.42,0.56,N,2,VIIRS_SNPP_SP,,
38.01493,-122.11432,300.89,0.45,0.47,2020-10-30,930,N,VIIRS,n,2,287.56,0.94,N,2,VIIRS_SNPP_SP,,
38.06985,-122.13779,302.05,0.45,0.47,2020-10-30,930,N,VIIRS,n,2,289.44,1.23,N,2,VIIRS_SNPP_SP,,
38.07113,-122.14137,299.77,0.45,0.47,2020-10-30,930,N,VIIRS,n,2,288.75,1.04,N,2,VIIRS_SNPP_SP,,
39.62032,-119.26371,302.12,0.51,0.41,2020-10-30,930,N,VIIRS,n,2,273.96,1.71,N,2,VIIRS_SNPP_SP,,
41.00928,-123.28927,295.82,0.56,0.51,2020-10-30,930,N,VIIRS,n,2,284.03,0.77,N,0,VIIRS_SNPP_SP,,
41.00973,-123.28216,298.45,0.56,0.51,2020-10-30,930,N,VIIRS,n,2,282.14,0.55,N,0,VIIRS_SNPP_SP,,
41.01016,-123.28811,296.72,0.56,0.51,2020-10-30,930,N,VIIRS,n,2,283.8,0.72,N,0,VIIRS_SNPP_SP,,
41.10147,-123.23056,321.47,0.56,0.51,2020-10-30,930,N,VIIRS,n,2,285.69,2.98,N,0,VIIRS_SNPP_SP,,
41.11679,-123.24259,297.34,0.56,0.51,2020-10-30,930,N,VIIRS,n,2,286.01,1.88,N,0,VIIRS_SNPP_SP,,
41.11718,-123.24788,318.12,0.56,0.51,2020-10-30,930,N,VIIRS,n,2,287.03,1.79,N,0,VIIRS_SNPP_SP,,
41.11758,-123.25332,299.83,0.56,0.51,2020-10-30,930,N,VIIRS,n,2,284.97,1.79,N,0,VIIRS_SNPP_SP,,
41.12085,-123.23229,318.81,0.56,0.51,2020-10-30,930,N,VIIRS,n,2,285.77,2.57,N,0,VIIRS_SNPP_SP,,
41.12126,-123.23792,315.51,0.56,0.51,2020-10-30,930,N,VIIRS,n,2,287.39,1.88,N,0,VIIRS_SNPP_SP,,
41.12165,-123.24319,300.38,0.56,0.51,2020-10-30,930,N,VIIRS,n,2,287.34,1.88,N,0,VIIRS_SNPP_SP,,
41.12204,-123.24851,300.2,0.56,0.51,2020-10-30,930,N,VIIRS,n,2,287.61,1.79,N,0,VIIRS_SNPP_SP,,
41.12245,-123.25408,299.78,0.56,0.51,2020-10-30,930,N,VIIRS,n,2,286.26,1.79,N,0,VIIRS_SNPP_SP,,
41.12567,-123.23241,296.01,0.56,0.51,2020-10-30,930,N,VIIRS,n,2,283.63,0.82,N,0,VIIRS_SNPP_SP,,
41.13049,-123.23243,305.84,0.56,0.51,2020-10-30,930,N,VIIRS,n,2,283.79,0.82,N,0,VIIRS_SNPP_SP,,
33.61404,-117.82256,312.6,0.4,0.37,2020-10-30,931,N,VIIRS,n,2,284.54,0.99,N,2,VIIRS_SNPP_SP,,
33.77804,-118.22766,303.83,0.42,0.37,2020-10-30,931,N,VIIRS,n,2,287.53,1.1,N,2,VIIRS_SNPP_SP,,
33.79488,-117.47385,306.59,0.4,0.37,2020-10-30,931,N,VIIRS,n,2,285.75,0.63,N,2,VIIRS_SNPP_SP,,
33.81481,-118.23882,300.99,0.42,0.37,2020-10-30,931,N,VIIRS,n,2,290.48,1.55,N,2,VIIRS_SNPP_SP,,
33.85242,-118.33305,306.53,0.42,0.38,2020-10-30,931,N,VIIRS,n,2,291.28,2.22,N,2,VIIRS_SNPP_SP,,
33.90598,-118.4042,301.01,0.42,0.38,2020-10-30,931,N,VIIRS,n,2,289.79,0.74,N,2,VIIRS_SNPP_SP,,
33.95373,-117.12269,295.73,0.39,0.36,2020-10-30,931,N,VIIRS,n,2,283.71,0.34,N,0,VIIRS_SNPP_SP,,
34.03718,-118.10643,300.06,0.41,0.37,2020-10-30,931,N,VIIRS,n,2,284.62,0.44,N,2,VIIRS_SNPP_SP,,
34.03724,-117.56082,295.33,0.4,0.37,2020-10-30,931,N,VIIRS,n,2,281.69,0.37,N,0,VIIRS_SNPP_SP,,
34.11608,-117.92377,300.39,0.41,0.37,2020-10-30,931,N,VIIRS,n,2,284.32,0.36,N,2,VIIRS_SNPP_SP,,
34.14412,-117.42906,306.7,0.4,0.37,2020-10-30,931,N,VIIRS,n,2,285.16,0.36,N,0,VIIRS_SNPP_SP,,
34.153,-118.19131,303.11,0.42,0.37,2020-10-30,931,N,VIIRS,n,2,287.65,1.0,N,2,VIIRS_SNPP_SP,,
34.15362,-118.19585,303.75,0.42,0.37,2020-10-30,931,N,VIIRS,n,2,286.24,1.14,N,2,VIIRS_SNPP_SP,,
34.24426,-118.38173,302.74,0.42,0.38,2020-10-30,931,N,VIIRS,n,2,282.26,0.57,N,2,VIIRS_SNPP_SP,,
34.29247,-118.80263,312.63,0.44,0.38,2020-10-30,931,N,VIIRS,n,2,287.57,1.68,N,2,VIIRS_SNPP_SP,,
34.31881,-118.51295,303.65,0.43,0.38,2020-10-30,931,N,VIIRS,n,2,287.56,0.69,N,2,VIIRS_SNPP_SP,,
34.3241,-118.52582,304.65,0.43,0.38,2020-10-30,931,N,VIIRS,n,2,287.97,0.33,N,2,VIIRS_SNPP_SP,,
34.33394,-118.51938,320.74,0.43,0.38,2020-10-30,931,N,VIIRS,n,2,286.65,1.79,N,2,VIIRS_SNPP_SP,,
34.3539,-116.85127,304.44,0.39,0.36,2020-10-30,931,N,VIIRS,n,2,285.35,0.99,N,2,VIIRS_SNPP_SP,,
34.42945,-118.64362,309.0,0.43,0.38,2020-10-30,931,N,VIIRS,n,2,281.27,0.79,N,2,VIIRS_SNPP_SP,,
34.60818,-117.33482,306.86,0.4,0.37,2020-10-30,931,N,VIIRS,n,2,282.04,0.57,N,2,VIIRS_SNPP_SP,,
34.60897,-117.3369,302.67,0.4,0.37,2020-10-30,931,N,VIIRS,n,2,282.34,0.92,N,2,VIIRS_SNPP_SP,,
34.62052,-117.10229,301.15,0.4,0.37,2020-10-30,931,N,VIIRS,n,2,282.54,1.16,N,2,VIIRS_SNPP_SP,,
34.62386,-117.10152,306.06,0.4,0.37,2020-10-30,931,N,VIIRS,n,2,283.98,1.24,N,2,VIIRS_SNPP_SP,,
34.82038,-118.75151,301.39,0.44,0.38,2020-10-30,931,N,VIIRS,n,2,283.87,1.09,N,2,VIIRS_SNPP_SP,,
36.27918,-118.45821,308.18,0.44,0.39,2020-10-30,931,N,VIIRS,n,2,276.9,1.81,N,0,VIIRS_SNPP_SP,,
36.28269,-118.45734,307.02,0.44,0.39,2020-10-30,931,N,VIIRS,n,2,276.78,1.25,N,0,VIIRS_SNPP_SP,,
36.32668,-118.66322,300.56,0.45,0.39,2020-10-30,931,N,VIIRS,n,2,275.97,1.26,N,0,VIIRS_SNPP_SP,,
36.33212,-118.67758,313.3,0.45,0.39,2020-10-30,931,N,VIIRS,n,2,277.85,1.93,N,0,VIIRS_SNPP_SP,,
36.33318,-118.65693,298.89,0.45,0.39,2020-10-30,931,N,VIIRS,n,2,276.11,1.12,N,0,VIIRS_SNPP_SP,,
36.33383,-118.66215,296.55,0.45,0.39,2020-10-30,931,N,VIIRS,n,2,274.19,0.91,N,0,VIIRS_SNPP_SP,,
36.3357,-118.67702,311.77,0.45,0.39,2020-10-30,931,N,VIIRS,n,2,279.19,1.93,N,0,VIIRS_SNPP_SP,,
36.33612,-118.65128,298.5,0.45,0.39,2020-10-30,931,N,VIIRS,n,2,275.26,2.26,N,0,VIIRS_SNPP_SP,,
36.33676,-118.65641,304.18,0.45,0.39,2020-10-30,931,N,VIIRS,n,2,277.93,2.26,N,0,VIIRS_SNPP_SP,,
36.3397,-118.65076,336.16,0.45,0.39,2020-10-30,931,N,VIIRS,n,2,280.01,2.26,N,0,VIIRS_SNPP_SP,,
36.35167,-118.65903,319.15,0.45,0.39,2020-10-30,931,N,VIIRS,n,2,274.57,3.81,N,0,VIIRS_SNPP_SP,,
36.3546,-118.65334,326.85,0.45,0.39,2020-10-30,931,N,VIIRS,n,2,274.32,3.82,N,0,VIIRS_SNPP_SP,,
36.35523,-118.65833,335.05,0.45,0.39,2020-10-30,931,N,VIIRS,n,2,277.26,3.81,N,0,VIIRS_SNPP_SP,,
36.35695,-114.91121,328.25,0.38,0.36,2020-10-30,931,N,VIIRS,n,2,285.36,3.13,N,2,VIIRS_SNPP_SP,,
36.36628,-118.40437,326.18,0.44,0.38,2020-10-30,931,N,VIIRS,n,2,278.56,3.75,N,0,VIIRS_SNPP_SP,,
36.36692,-118.40931,327.51,0.44,0.38,2020-10-30,931,N,VIIRS,n,2,281.25,3.75,N,0,VIIRS_SNPP_SP,,
36.36951,-118.40585,314.77,0.44,0.38,2020-10-30,931,N,VIIRS,n,2,281.01,1.75,N,0,VIIRS_SNPP_SP,,
36.3697,-118.4309,328.93,0.44,0.39,2020-10-30,931,N,VIIRS,n,2,277.97,5.8,N,0,VIIRS_SNPP_SP,,
36.37013,-118.41082,304.68,0.44,0.38,2020-10-30,931,N,VIIRS,n,2,278.03,1.75,N,0,VIIRS_SNPP_SP,,
36.37045,-118.4086,310.53,0.44,0.38,2020-10-30,931,N,VIIRS,n,2,278.7,2.39,N,0,VIIRS_SNPP_SP,,
36.37106,-118.41332,298.19,0.44,0.38,2020-10-30,931,N,VIIRS,n,2,278.74,2.3,N,0,VIIRS_SNPP_SP,,
36.37366,-118.41019,315.27,0.44,0.38,2020-10-30,931,N,VIIRS,n,2,278.67,1.75,N,0,VIIRS_SNPP_SP,,
36.37424,-118.41472,297.54,0.44,0.39,2020-10-30,931,N,VIIRS,n,2,278.11,1.24,N,0,VIIRS_SNPP_SP,,
36.3746,-118.41271,324.09,0.44,0.38,2020-10-30,931,N,VIIRS,n,2,278.79,2.3,N,0,VIIRS_SNPP_SP,,
36.3772,-118.40958,309.2,0.44,0.38,2020-10-30,931,N,VIIRS,n,2,275.61,1.59,N,0,VIIRS_SNPP_SP,,
36.37778,-118.41417,322.45,0.44,0.39,2020-10-30,931,N,VIIRS,n,2,279.36,3.56,N,0,VIIRS_SNPP_SP,,
36.3884,-118.41238,313.13,0.44,0.39,2020-10-30,931,N,VIIRS,n,2,280.31,2.54,N,0,VIIRS_SNPP_SP,,
36.3895,-118.42086,302.86,0.44,0.39,2020-10-30,931,N,VIIRS,n,2,279.79,3.22,N,0,VIIRS_SNPP_SP,,
36.39003,-118.42507,336.58,0.44,0.39,2020-10-30,931,N,VIIRS,n,2,282.27,3.22,N,0,VIIRS_SNPP_SP,,
36.39059,-118.42943,297.48,0.44,0.39,2020-10-30,931,N,VIIRS,n,2,276.06,2.35,N,0,VIIRS_SNPP_SP,,
36.39303,-118.4202,317.71,0.44,0.39,2020-10-30,931,N,VIIRS,n,2,278.76,3.51,N,0,VIIRS_SNPP_SP,,
36.39356,-118.42433,337.82,0.44,0.39,2020-10-30,931,N,VIIRS,n,2,281.36,3.51,N,0,VIIRS_SNPP_SP,,
36.39411,-118.42862,315.54,0.44,0.39,2020-10-30,931,N,VIIRS,n,2,275.17,2.34,N,0,VIIRS_SNPP_SP,,
36.39765,-118.42801,313.37,0.44,0.39,2020-10-30,931,N,VIIRS,n,2,275.56,2.34,N,0,VIIRS_SNPP_SP,,
36.54111,-119.78086,326.46,0.5,0.41,2020-10-30,931,N,VIIRS,n,2,278.56,2.51,N,0,VIIRS_SNPP_SP,,
36.54145,-119.78432,328.49,0.5,0.41,2020-10-30,931,N,VIIRS,n,2,279.72,4.6,N,0,VIIRS_SNPP_SP,,
36.7403,-118.55845,329.01,0.45,0.39,2020-10-30,931,N,VIIRS,n,2,279.76,2.08,N,0,VIIRS_SNPP_SP,,
36.74384,-118.55751,304.91,0.45,0.39,2020-10-30,931,N,VIIRS,n,2,275.39,2.08,N,0,VIIRS_SNPP_SP,,
36.9617,-120.07736,297.8,0.52,0.42,2020-10-30,931,N,VIIRS,n,2,279.71,0.37,N,0,VIIRS_SNPP_SP,,
32.51397,-115.09967,310.52,0.39,0.36,2020-10-30,932,N,VIIRS,n,2,281.37,0.98,N,0,VIIRS_SNPP_SP,,
32.51497,-115.44055,309.46,0.39,0.36,2020-10-30,932,N,VIIRS,n,2,281.69,1.19,N,0,VIIRS_SNPP_SP,,
32.51729,-115.09889,311.72,0.39,0.36,2020-10-30,932,N,VIIRS,n,2,281.26,0.82,N,0,VIIRS_SNPP_SP,,
32.59877,-117.01337,304.9,0.39,0.36,2020-10-30,932,N,VIIRS,n,2,282.89,0.69,N,2,VIIRS_SNPP_SP,,
32.85773,-117.1465,305.7,0.39,0.36,2020-10-30,932,N,VIIRS,n,2,281.17,0.64,N,0,VIIRS_SNPP_SP,,
41.0307,-123.2796,298.39,0.52,0.67,2020-10-30,1110,N,VIIRS,n,2,285.55,0.87,N,0,VIIRS_SNPP_SP,,
41.03207,-123.27881,298.8,0.52,0.67,2020-10-30,1110,N,VIIRS,n,2,285.49,0.52,N,0,VIIRS_SNPP_SP,,
41.0945,-123.24506,317.11,0.53,0.67,2020-10-30,1110,N,VIIRS,n,2,283.02,2.08,N,0,VIIRS_SNPP_SP,,
41.09673,-123.25233,316.89,0.52,0.67,2020-10-30,1110,N,VIIRS,n,2,281.7,3.1,N,0,VIIRS_SNPP_SP,,
41.09861,-123.23638,296.25,0.53,0.67,2020-10-30,1110,N,VIIRS,n,2,285.56,2.08,N,0,VIIRS_SNPP_SP,,
41.10123,-123.24493,313.09,0.52,0.67,2020-10-30,1110,N,VIIRS,n,2,284.94,3.1,N,0,VIIRS_SNPP_SP,,
41.1033,-123.22956,306.46,0.53,0.67,2020-10-30,1110,N,VIIRS,n,2,284.76,1.39,N,0,VIIRS_SNPP_SP,,
41.12046,-123.24384,297.55,0.52,0.67,2020-10-30,1110,N,VIIRS,n,2,285.78,1.25,N,0,VIIRS_SNPP_SP,,
41.12742,-123.24444,301.94,0.52,0.67,2020-10-30,1110,N,VIIRS,n,2,285.61,1.83,N,0,VIIRS_SNPP_SP,,
41.12898,-123.24722,310.4,0.52,0.67,2020-10-30,1110,N,VIIRS,n,2,286.02,2.47,N,0,VIIRS_SNPP_SP,,
41.12964,-123.25159,300.91,0.52,0.67,2020-10-30,1110,N,VIIRS,n,2,285.45,1.86,N,0,VIIRS_SNPP_SP,,
41.16197,-123.22486,295.95,0.52,0.67,2020-10-30,1110,N,VIIRS,n,2,282.48,0.8,N,0,VIIRS_SNPP_SP,,
32.51075,-115.44397,340.53,0.4,0.37,2020-10-30,2050,N,VIIRS,n,2,311.58,7.54,D,0,VIIRS_SNPP_SP,,
32.66799,-115.66752,345.98,0.39,0.36,2020-10-30,2050,N,VIIRS,n,2,312.78,6.2,D,0,VIIRS_SNPP_SP,,
32.67075,-115.67237,346.7,0.39,0.36,2020-10-30,2050,N,VIIRS,n,2,310.58,6.2,D,0,VIIRS_SNPP_SP,,
32.67933,-114.92733,336.92,0.41,0.37,2020-10-30,2050,N,VIIRS,n,2,307.23,4.75,D,0,VIIRS_SNPP_SP,,
32.7539,-115.74043,336.0,0.39,0.36,2020-10-30,2050,N,VIIRS,n,2,302.14,4.96,D,0,VIIRS_SNPP_SP,,
32.7545,-115.73624,337.0,0.39,0.36,2020-10-30,2050,N,VIIRS,n,2,299.11,4.96,D,0,VIIRS_SNPP_SP,,
32.75784,-115.73692,337.15,0.39,0.36,2020-10-30,2050,N,VIIRS,n,2,300.93,4.96,D,0,VIIRS_SNPP_SP,,
32.85736,-115.60489,345.23,0.4,0.37,2020-10-30,2050,N,VIIRS,n,2,304.91,18.07,D,0,VIIRS_SNPP_SP,,
32.98935,-115.33276,336.6,0.4,0.37,2020-10-30,2050,N,VIIRS,n,2,302.21,5.1,D,0,VIIRS_SNPP_SP,,
33.29474,-115.54332,333.66,0.4,0.37,2020-10-30,2050,N,VIIRS,l,2,306.74,3.56,D,0,VIIRS_SNPP_SP,,
34.0934,-117.53063,336.64,0.38,0.36,2020-10-30,2050,N,VIIRS,n,2,310.32,2.22,D,2,VIIRS_SNPP_SP,,
34.66336,-118.2871,341.45,0.39,0.36,2020-10-30,2051,N,VIIRS,n,2,307.53,1.7,D,0,VIIRS_SNPP_SP,,
34.66666,-118.28786,349.67,0.39,0.36,2020-10-30,2051,N,VIIRS,n,2,307.89,5.26,D,0,VIIRS_SNPP_SP,,
36.27959,-118.45839,340.25,0.38,0.36,2020-10-30,2051,N,VIIRS,n,2,297.96,15.71,D,0,VIIRS_SNPP_SP,,
36.33437,-118.67442,331.65,0.39,0.36,2020-10-30,2051,N,VIIRS,n,2,291.2,11.31,D,0,VIIRS_SNPP_SP,,
36.33838,-118.64888,347.96,0.39,0.36,2020-10-30,2051,N,VIIRS,n,2,291.24,8.22,D,0,VIIRS_SNPP_SP,,
36.34053,-118.6524,344.18,0.39,0.36,2020-10-30,2051,N,VIIRS,n,2,290.97,6.19,D,0,VIIRS_SNPP_SP,,
36.353,-118.65985,345.95,0.39,0.36,2020-10-30,2051,N,VIIRS,n,2,294.56,4.64,D,0,VIIRS_SNPP_SP,,
36.35367,-118.65559,352.93,0.39,0.36,2020-10-30,2051,N,VIIRS,n,2,300.23,16.92,D,0,VIIRS_SNPP_SP,,
36.35434,-118.65134,330.37,0.39,0.36,2020-10-30,2051,N,VIIRS,n,2,295.85,16.92,D,0,VIIRS_SNPP_SP,,
36.36565,-118.40883,344.04,0.38,0.36,2020-10-30,2051,N,VIIRS,n,2,303.96,16.64,D,0,VIIRS_SNPP_SP,,
36.36631,-118.40458,336.34,0.38,0.36,2020-10-30,2051,N,VIIRS,n,2,302.07,18.41,D,0,VIIRS_SNPP_SP,,
36.36893,-118.4313,347.37,0.38,0.36,2020-10-30,2051,N,VIIRS,n,2,305.11,27.95,D,0,VIIRS_SNPP_SP,,
36.38697,-118.4211,330.64,0.38,0.36,2020-10-30,2051,N,VIIRS,n,2,294.05,32.53,D,0,VIIRS_SNPP_SP,,
36.38825,-118.41275,332.91,0.38,0.36,2020-10-30,2051,N,VIIRS,n,2,294.87,2.72,D,0,VIIRS_SNPP_SP,,
36.38892,-118.40847,330.93,0.38,0.36,2020-10-30,2051,N,VIIRS,n,2,294.59,3.52,D,0,VIIRS_SNPP_SP,,
36.38961,-118.42606,333.41,0.38,0.36,2020-10-30,2051,N,VIIRS,n,2,293.02,9.03,D,0,VIIRS_SNPP_SP,,
36.39026,-118.42186,337.2,0.38,0.36,2020-10-30,2051,N,VIIRS,n,2,294.77,9.03,D,0,VIIRS_SNPP_SP,,
36.3929,-118.4268,345.15,0.38,0.36,2020-10-30,2051,N,VIIRS,n,2,299.97,9.03,D,0,VIIRS_SNPP_SP,,
36.39355,-118.42262,341.38,0.38,0.36,2020-10-30,2051,N,VIIRS,n,2,293.26,9.03,D,0,VIIRS_SNPP_SP,,
36.74247,-118.56059,356.88,0.38,0.36,2020-10-30,2051,N,VIIRS,n,2,297.73,12.27,D,0,VIIRS_SNPP_SP,,
36.74314,-118.55634,330.99,0.38,0.36,2020-10-30,2051,N,VIIRS,n,2,291.45,12.27,D,0,VIIRS_SNPP_SP,,
37.39116,-118.96954,338.89,0.39,0.36,2020-10-30,2051,N,VIIRS,n,2,294.32,5.63,D,0,VIIRS_SNPP_SP,,
37.39367,-119.44777,330.87,0.39,0.36,2020-10-30,2051,N,VIIRS,n,2,295.13,4.74,D,0,VIIRS_SNPP_SP,,
37.39558,-119.00645,352.17,0.39,0.36,2020-10-30,2051,N,VIIRS,n,2,296.82,13.47,D,0,VIIRS_SNPP_SP,,
37.39695,-118.99783,340.06,0.39,0.36,2020-10-30,2051,N,VIIRS,n,2,291.92,4.41,D,0,VIIRS_SNPP_SP,,
37.39751,-119.01588,343.08,0.39,0.36,2020-10-30,2051,N,VIIRS,n,2,293.37,11.6,D,0,VIIRS_SNPP_SP,,
37.39819,-119.01157,351.81,0.39,0.36,2020-10-30,2051,N,VIIRS,n,2,297.07,11.6,D,0,VIIRS_SNPP_SP,,
37.40024,-118.9986,347.23,0.39,0.36,2020-10-30,2051,N,VIIRS,n,2,298.4,8.3,D,0,VIIRS_SNPP_SP,,
37.40092,-118.99427,341.96,0.39,0.36,2020-10-30,2051,N,VIIRS,n,2,292.64,8.3,D,0,VIIRS_SNPP_SP,,
37.40138,-119.03464,333.73,0.39,0.36,2020-10-30,2051,N,VIIRS,n,2,289.67,3.87,D,0,VIIRS_SNPP_SP,,
37.40421,-118.99506,336.59,0.39,0.36,2020-10-30,2051,N,VIIRS,n,2,286.13,8.3,D,0,VIIRS_SNPP_SP,,
37.40784,-119.05864,341.02,0.39,0.36,2020-10-30,2051,N,VIIRS,n,2,290.5,3.7,D,0,VIIRS_SNPP_SP,,
37.41892,-119.07494,336.84,0.39,0.36,2020-10-30,2051,N,VIIRS,n,2,290.53,6.71,D,0,VIIRS_SNPP_SP,,
37.41897,-118.94474,333.35,0.39,0.36,2020-10-30,2051,N,VIIRS,n,2,292.15,6.16,D,0,VIIRS_SNPP_SP,,
37.42152,-119.08009,341.87,0.39,0.36,2020-10-30,2051,N,VIIRS,n,2,292.72,5.75,D,0,VIIRS_SNPP_SP,,
37.42221,-119.07571,345.51,0.39,0.36,2020-10-30,2051,N,VIIRS,n,2,295.31,13.91,D,0,VIIRS_SNPP_SP,,
37.4229,-119.07136,333.84,0.39,0.36,2020-10-30,2051,N,VIIRS,n,2,293.62,13.91,D,0,VIIRS_SNPP_SP,,
37.43209,-119.07803,329.21,0.39,0.36,2020-10-30,2051,N,VIIRS,n,2,290.97,2.94,D,0,VIIRS_SNPP_SP,,
37.43283,-119.16001,341.21,0.39,0.36,2020-10-30,2051,N,VIIRS,n,2,301.38,8.87,D,0,VIIRS_SNPP_SP,,
37.44905,-119.10051,334.71,0.39,0.36,2020-10-30,2051,N,VIIRS,n,2,292.42,5.1,D,0,VIIRS_SNPP_SP,,
37.45303,-119.09698,347.18,0.39,0.36,2020-10-30,2051,N,VIIRS,n,2,292.57,3.71,D,0,VIIRS_SNPP_SP,,
37.45427,-119.11074,348.6,0.39,0.36,2020-10-30,2051,N,VIIRS,n,2,294.44,6.46,D,0,VIIRS_SNPP_SP,,
37.45564,-119.1021,330.21,0.39,0.36,2020-10-30,2051,N,VIIRS,n,2,292.79,3.71,D,0,VIIRS_SNPP_SP,,
37.45632,-119.09776,334.19,0.39,0.36,2020-10-30,2051,N,VIIRS,n,2,290.98,3.71,D,0,VIIRS_SNPP_SP,,
37.46017,-119.11668,352.49,0.39,0.36,2020-10-30,2051,N,VIIRS,n,2,301.57,24.17,D,0,VIIRS_SNPP_SP,,
37.46085,-119.1123,337.55,0.39,0.36,2020-10-30,2051,N,VIIRS,n,2,292.37,6.13,D,0,VIIRS_SNPP_SP,,
37.46222,-119.10361,347.04,0.39,0.36,2020-10-30,2051,N,VIIRS,n,2,297.22,13.71,D,0,VIIRS_SNPP_SP,,
37.46516,-119.12596,343.46,0.39,0.36,2020-10-30,2051,N,VIIRS,n,2,292.92,4.44,D,0,VIIRS_SNPP_SP,,
37.46915,-119.12238,344.55,0.39,0.36,2020-10-30,2051,N,VIIRS,n,2,292.82,6.75,D,0,VIIRS_SNPP_SP,,
37.47314,-119.11881,340.8,0.39,0.36,2020-10-30,2051,N,VIIRS,n,2,291.02,6.75,D,0,VIIRS_SNPP_SP,,
37.47642,-119.11966,335.94,0.39,0.36,2020-10-30,2051,N,VIIRS,n,2,292.25,7.21,D,0,VIIRS_SNPP_SP,,
37.49216,-119.12811,346.68,0.39,0.36,2020-10-30,2051,N,VIIRS,n,2,300.81,22.95,D,0,VIIRS_SNPP_SP,,
37.5186,-119.11226,340.17,0.39,0.36,2020-10-30,2051,N,VIIRS,n,2,295.55,11.94,D,0,VIIRS_SNPP_SP,,
37.51928,-119.10796,336.27,0.39,0.36,2020-10-30,2051,N,VIIRS,n,2,295.42,48.15,D,0,VIIRS_SNPP_SP,,
37.52257,-119.10881,367.0,0.39,0.36,2020-10-30,2051,N,VIIRS,h,2,340.98,48.15,D,0,VIIRS_SNPP_SP,,
37.52324,-119.10455,331.92,0.39,0.36,2020-10-30,2051,N,VIIRS,n,2,289.01,48.15,D,0,VIIRS_SNPP_SP,,
37.52584,-119.1097,352.17,0.39,0.36,2020-10-30,2051,N,VIIRS,n,2,300.13,17.15,D,0,VIIRS_SNPP_SP,,
37.52652,-119.10548,329.58,0.39,0.36,2020-10-30,2051,N,VIIRS,n,2,284.36,17.15,D,0,VIIRS_SNPP_SP,,
37.54391,-119.33417,330.77,0.39,0.36,2020-10-30,2051,N,VIIRS,n,2,291.87,8.81,D,0,VIIRS_SNPP_SP,,
37.54788,-119.165,346.13,0.39,0.36,2020-10-30,2051,N,VIIRS,n,2,300.37,7.18,D,0,VIIRS_SNPP_SP,,
37.55049,-119.33586,335.98,0.39,0.36,2020-10-30,2051,N,VIIRS,n,2,292.58,7.58,D,0,VIIRS_SNPP_SP,,
37.55049,-119.17007,334.22,0.39,0.36,2020-10-30,2051,N,VIIRS,n,2,299.81,37.54,D,0,VIIRS_SNPP_SP,,
37.5531,-119.34101,348.73,0.39,0.36,2020-10-30,2051,N,VIIRS,n,2,298.84,7.58,D,0,VIIRS_SNPP_SP,,
37.55448,-119.16644,342.07,0.39,0.36,2020-10-30,2051,N,VIIRS,n,2,301.44,37.54,D,0,VIIRS_SNPP_SP,,
37.55485,-119.09929,330.94,0.39,0.36,2020-10-30,2051,N,VIIRS,n,2,295.78,17.47,D,0,VIIRS_SNPP_SP,,
37.5561,-119.11301,332.07,0.39,0.36,2020-10-30,2051,N,VIIRS,n,2,298.07,5.36,D,0,VIIRS_SNPP_SP,,
37.55747,-119.10428,335.29,0.39,0.36,2020-10-30,2051,N,VIIRS,n,2,298.32,21.58,D,0,VIIRS_SNPP_SP,,
37.58085,-119.33884,328.83,0.39,0.36,2020-10-30,2051,N,VIIRS,n,2,290.33,2.01,D,0,VIIRS_SNPP_SP,,
37.59248,-119.28753,341.06,0.39,0.36,2020-10-30,2051,N,VIIRS,n,2,293.25,16.35,D,0,VIIRS_SNPP_SP,,
37.59853,-119.2711,339.07,0.39,0.36,2020-10-30,2051,N,VIIRS,n,2,293.39,3.52,D,0,VIIRS_SNPP_SP,,
37.59922,-119.26677,335.02,0.39,0.36,2020-10-30,2051,N,VIIRS,n,2,291.7,3.52,D,0,VIIRS_SNPP_SP,,
37.60181,-119.2719,339.25,0.39,0.36,2020-10-30,2051,N,VIIRS,n,2,290.91,4.93,D,0,VIIRS_SNPP_SP,,
37.62139,-120.94678,334.28,0.41,0.37,2020-10-30,2051,N,VIIRS,n,2,303.42,4.04,D,0,VIIRS_SNPP_SP,,
37.63038,-119.24289,333.98,0.39,0.36,2020-10-30,2051,N,VIIRS,n,2,295.1,5.42,D,0,VIIRS_SNPP_SP,,
37.87974,-119.59702,349.83,0.39,0.36,2020-10-30,2051,N,VIIRS,n,2,293.77,5.89,D,0,VIIRS_SNPP_SP,,
37.89053,-119.63656,340.8,0.39,0.36,2020-10-30,2051,N,VIIRS,n,2,295.02,7.4,D,0,VIIRS_SNPP_SP,,
38.30132,-121.52861,330.68,0.42,0.38,2020-10-30,2052,N,VIIRS,l,2,301.49,7.67,D,0,VIIRS_SNPP_SP,,
38.30217,-121.52383,347.62,0.42,0.38,2020-10-30,2052,N,VIIRS,n,2,308.48,7.67,D,0,VIIRS_SNPP_SP,,
38.30559,-121.5248,349.99,0.42,0.38,2020-10-30,2052,N,VIIRS,n,2,304.54,7.56,D,0,VIIRS_SNPP_SP,,
38.4647,-121.6774,345.56,0.43,0.38,2020-10-30,2052,N,VIIRS,n,2,316.3,46.19,D,0,VIIRS_SNPP_SP,,
38.72193,-121.98736,367.0,0.43,0.38,2020-10-30,2052,N,VIIRS,h,2,306.93,5.91,D,0,VIIRS_SNPP_SP,,
38.72194,-121.99014,347.74,0.43,0.38,2020-10-30,2052,N,VIIRS,n,2,307.05,5.06,D,0,VIIRS_SNPP_SP,,
38.7249,-121.74767,344.86,0.42,0.38,2020-10-30,2052,N,VIIRS,n,2,305.37,3.82,D,0,VIIRS_SNPP_SP,,
38.94803,-121.86466,329.6,0.43,0.38,2020-10-30,2052,N,VIIRS,l,2,301.82,2.57,D,0,VIIRS_SNPP_SP,,
38.95233,-121.86082,332.99,0.43,0.38,2020-10-30,2052,N,VIIRS,l,2,304.81,22.43,D,0,VIIRS_SNPP_SP,,
38.97545,-121.7506,347.46,0.42,0.38,2020-10-30,2052,N,VIIRS,n,2,309.4,10.02,D,0,VIIRS_SNPP_SP,,
38.9763,-121.74579,346.99,0.42,0.38,2020-10-30,2052,N,VIIRS,n,2,306.81,10.02,D,0,VIIRS_SNPP_SP,,
38.98941,-122.04398,347.2,0.43,0.38,2020-10-30,2052,N,VIIRS,n,2,305.57,9.93,D,0,VIIRS_SNPP_SP,,
38.99286,-122.04501,344.45,0.43,0.38,2020-10-30,2052,N,VIIRS,n,2,307.35,15.3,D,0,VIIRS_SNPP_SP,,
39.00644,-121.82857,336.33,0.42,0.38,2020-10-30,2052,N,VIIRS,n,2,307.92,9.28,D,0,VIIRS_SNPP_SP,,
39.01508,-122.10333,331.27,0.43,0.38,2020-10-30,2052,N,VIIRS,n,2,298.08,2.24,D,0,VIIRS_SNPP_SP,,
39.0288,-121.74377,342.9,0.42,0.38,2020-10-30,2052,N,VIIRS,n,2,302.77,3.96,D,0,VIIRS_SNPP_SP,,
39.03221,-121.74476,348.12,0.42,0.38,2020-10-30,2052,N,VIIRS,n,2,311.88,16.83,D,0,VIIRS_SNPP_SP,,
39.15939,-122.23489,343.93,0.43,0.38,2020-10-30,2052,N,VIIRS,n,2,305.53,9.07,D,0,VIIRS_SNPP_SP,,
39.18257,-122.26802,347.53,0.44,0.38,2020-10-30,2052,N,VIIRS,n,2,307.46,10.46,D,0,VIIRS_SNPP_SP,,
39.18348,-122.26306,341.38,0.43,0.38,2020-10-30,2052,N,VIIRS,n,2,309.39,10.46,D,0,VIIRS_SNPP_SP,,
39.18604,-122.26907,344.6,0.44,0.38,2020-10-30,2052,N,VIIRS,n,2,306.52,5.57,D,0,VIIRS_SNPP_SP,,
39.18694,-122.26411,335.08,0.43,0.38,2020-10-30,2052,N,VIIRS,n,2,303.8,5.57,D,0,VIIRS_SNPP_SP,,
39.27693,-122.04988,332.13,0.43,0.38,2020-10-30,2052,N,VIIRS,l,2,304.54,2.23,D,0,VIIRS_SNPP_SP,,
39.44388,-121.91262,334.1,0.42,0.38,2020-10-30,2052,N,VIIRS,l,2,304.45,13.88,D,0,VIIRS_SNPP_SP,,
39.4473,-121.91363,346.82,0.42,0.38,2020-10-30,2052,N,VIIRS,n,2,310.45,17.2,D,0,VIIRS_SNPP_SP,,
39.45071,-121.91464,339.29,0.42,0.38,2020-10-30,2052,N,VIIRS,n,2,299.98,17.2,D,0,VIIRS_SNPP_SP,,
39.63161,-122.12753,340.32,0.43,0.38,2020-10-30,2052,N,VIIRS,n,2,300.66,3.47,D,0,VIIRS_SNPP_SP,,
41.02869,-123.28009,340.44,0.44,0.39,2020-10-30,2052,N,VIIRS,n,2,298.85,4.22,D,0,VIIRS_SNPP_SP,,
41.10059,-123.23075,331.41,0.44,0.39,2020-10-30,2052,N,VIIRS,n,2,291.28,4.89,D,0,VIIRS_SNPP_SP,,
41.10402,-123.23213,341.64,0.44,0.39,2020-10-30,2052,N,VIIRS,n,2,292.01,4.89,D,0,VIIRS_SNPP_SP,,
41.12126,-123.23858,345.68,0.44,0.39,2020-10-30,2052,N,VIIRS,n,2,294.27,8.52,D,0,VIIRS_SNPP_SP,,
41.12214,-123.23381,327.72,0.44,0.38,2020-10-30,2052,N,VIIRS,n,2,292.58,3.51,D,0,VIIRS_SNPP_SP,,
41.11872,-123.24981,329.0,0.44,0.39,2020-10-30,2053,N,VIIRS,n,2,291.75,5.13,D,0,VIIRS_SNPP_SP,,
41.12045,-123.24055,336.4,0.44,0.38,2020-10-30,2053,N,VIIRS,n,2,292.33,5.82,D,0,VIIRS_SNPP_SP,,
41.12132,-123.23589,343.68,0.44,0.38,2020-10-30,2053,N,VIIRS,n,2,294.13,5.82,D,0,VIIRS_SNPP_SP,,
41.16412,-123.22366,326.33,0.44,0.38,2020-10-30,2053,N,VIIRS,n,2,289.32,1.82,D,0,VIIRS_SNPP_SP,,
41.85192,-121.38258,330.96,0.39,0.36,2020-10-30,2053,N,VIIRS,n,2,300.86,3.58,D,0,VIIRS_SNPP_SP,,
41.87293,-121.49534,327.4,0.4,0.37,2020-10-30,2053,N,VIIRS,n,2,292.81,1.02,D,3,VIIRS_SNPP_SP,,
36.3505,-118.6607,,1,1,2020-10-30,600,Terra,MODIS,55,6.03,,13.3,N,0,MODIS_SP,309.9,273
36.3671,-118.4157,,1,1,2020-10-30,600,Terra,MODIS,12,6.03,,7.4,N,0,MODIS_SP,300.1,278.1
36.3687,-118.4047,,1,1,2020-10-30,600,Terra,MODIS,71,6.03,,11.9,N,0,MODIS_SP,307.8,280
36.3921,-118.4327,,1,1,2020-10-30,600,Terra,MODIS,33,6.03,,8.3,N,0,MODIS_SP,301.5,275.4
36.3937,-118.4216,,1,1,2020-10-30,600,Terra,MODIS,81,6.03,,14.1,N,0,MODIS_SP,310.8,278.6
36.7432,-118.5576,,1,1,2020-10-30,600,Terra,MODIS,19,6.03,,8.4,N,0,MODIS_SP,300.1,275.4
37.3971,-119.0171,,1,1,2020-10-30,600,Terra,MODIS,84,6.03,,16.4,N,0,MODIS_SP,314.3,276.8
37.3987,-119.006,,1,1,2020-10-30,600,Terra,MODIS,86,6.03,,17.4,N,0,MODIS_SP,315.5,275.9
37.4003,-118.9949,,1,1,2020-10-30,600,Terra,MODIS,89,6.03,,17.5,N,0,MODIS_SP,314.5,276.6
37.4043,-119.0302,,1,1,2020-10-30,600,Terra,MODIS,69,6.03,,11.6,N,0,MODIS_SP,306.6,276.2
37.4245,-119.0807,,1,1,2020-10-30,600,Terra,MODIS,79,6.03,,14.2,N,0,MODIS_SP,312.1,278.1
37.458,-119.2334,,1,1,2020-10-30,600,Terra,MODIS,33,6.03,,7.3,N,0,MODIS_SP,300.7,283.8
37.4582,-119.1065,,1,1,2020-10-30,600,Terra,MODIS,18,6.03,,12.3,N,0,MODIS_SP,309.8,278.8
37.4743,-119.1217,,1,1,2020-10-30,600,Terra,MODIS,16,6.03,,25.6,N,0,MODIS_SP,326.7,280.6
37.4904,-119.1369,,1,1,2020-10-30,600,Terra,MODIS,35,6.03,,9.5,N,0,MODIS_SP,304.8,278.6
37.492,-119.1258,,1,1,2020-10-30,600,Terra,MODIS,29,6.03,,9.7,N,0,MODIS_SP,305.2,278.4
37.5202,-119.1209,,1,1,2020-10-30,600,Terra,MODIS,83,6.03,,14.1,N,0,MODIS_SP,311.5,277.1
37.5218,-119.1097,,1,1,2020-10-30,600,Terra,MODIS,100,6.03,,67.6,N,0,MODIS_SP,350.7,280.8
37.5528,-119.3415,,1,1,2020-10-30,600,Terra,MODIS,91,6.03,,18.3,N,0,MODIS_SP,315.5,278.4
41.1217,-123.2527,,1.2,1.1,2020-10-30,601,Terra,MODIS,42,6.03,,8.7,N,0,MODIS_SP,303.3,287
41.1238,-123.2405,,1.2,1.1,2020-10-30,601,Terra,MODIS,83,6.03,,15.4,N,0,MODIS_SP,311.6,287.9
41.1268,-123.2344,,1,1,2020-10-30,1014,Aqua,MODIS,67,6.03,,11.0,N,0,MODIS_SP,308.8,286.5
37.5189,-119.1066,,1.4,1.2,2020-10-30,1015,Aqua,MODIS,56,6.03,,15.5,N,0,MODIS_SP,303.6,275.2
37.5286,-119.1012,,1.4,1.2,2020-10-30,1015,Aqua,MODIS,96,6.03,,31.1,N,0,MODIS_SP,317.8,278.2
37.5484,-119.1901,,4.4,1.9,2020-10-30,1801,Terra,MODIS,27,6.03,,50.9,D,0,MODIS_SP,306.1,291.6
37.5504,-119.1847,,4.4,1.9,2020-10-30,1801,Terra,MODIS,53,6.03,,60.7,D,0,MODIS_SP,307.9,291.8
38.294,-121.5206,,2.6,1.6,2020-10-30,1939,Terra,MODIS,79,6.03,,61.2,D,0,MODIS_SP,321.9,300.4
38.3024,-121.5227,,2.6,1.6,2020-10-30,1939,Terra,MODIS,82,6.03,,115.7,D,0,MODIS_SP,332.7,300.7
38.3074,-121.5156,,2.6,1.6,2020-10-30,1939,Terra,MODIS,75,6.03,,46.9,D,0,MODIS_SP,318.6,299.1
38.4657,-121.6647,,2.5,1.5,2020-10-30,1939,Terra,MODIS,67,6.03,,23.4,D,0,MODIS_SP,312,299.4
38.9824,-122.031,,2.3,1.5,2020-10-30,1939,Terra,MODIS,69,6.03,,26.0,D,0,MODIS_SP,312.4,296.3
38.9847,-122.053,,2.3,1.5,2020-10-30,1939,Terra,MODIS,18,6.03,,12.5,D,0,MODIS_SP,307,296
38.9883,-122.0571,,2.3,1.5,2020-10-30,1939,Terra,MODIS,71,6.03,,30.8,D,0,MODIS_SP,314.3,296.5
38.9975,-122.0481,,2.3,1.5,2020-10-30,1939,Terra,MODIS,71,6.03,,29.5,D,0,MODIS_SP,313.7,297.2
39.3064,-122.1616,,2.3,1.5,2020-10-30,1939,Terra,MODIS,70,6.03,,29.6,D,0,MODIS_SP,314.7,297.8
39.3091,-122.1675,,2.3,1.5,2020-10-30,1939,Terra,MODIS,52,6.03,,21.2,D,0,MODIS_SP,312.6,298.7
33.1363,-115.3768,,1.6,1.3,2020-10-30,2117,Aqua,MODIS,55,6.03,,14.6,D,0,MODIS_SP,313.9,298.8
36.3508,-118.659,,1.2,1.1,2020-10-30,2118,Aqua,MODIS,66,6.03,,20.1,D,0,MODIS_SP,318.9,290.2
36.3668,-118.4349,,1.2,1.1,2020-10-30,2118,Aqua,MODIS,37,6.03,,13.4,D,0,MODIS_SP,315,291.3
36.3864,-118.4381,,1.2,1.1,2020-10-30,2118,Aqua,MODIS,51,6.03,,15.9,D,0,MODIS_SP,315.6,291.6
36.3881,-118.423,,1.2,1.1,2020-10-30,2118,Aqua,MODIS,85,6.03,,40.8,D,0,MODIS_SP,333,292.5
36.7374,-118.5664,,1.2,1.1,2020-10-30,2118,Aqua,MODIS,62,6.03,,17.2,D,0,MODIS_SP,315,292.8
37.3892,-119.002,,1.2,1.1,2020-10-30,2118,Aqua,MODIS,0,6.03,,14.2,D,0,MODIS_SP,312.8,288.2
37.3973,-119.0171,,1.2,1.1,2020-10-30,2118,Aqua,MODIS,96,6.03,,81.2,D,0,MODIS_SP,351.6,292
37.3988,-119.004,,1.2,1.1,2020-10-30,2118,Aqua,MODIS,88,6.03,,65.4,D,0,MODIS_SP,345.2,289.1
37.4198,-119.0751,,1.2,1.1,2020-10-30,2118,Aqua,MODIS,79,6.03,,25.4,D,0,MODIS_SP,324.6,289.9
37.4286,-119.1657,,1.2,1.1,2020-10-30,2118,Aqua,MODIS,78,6.03,,22.5,D,0,MODIS_SP,323.5,296.5
37.4301,-119.1533,,1.2,1.1,2020-10-30,2118,Aqua,MODIS,63,6.03,,11.4,D,0,MODIS_SP,313.9,296.3
37.4857,-119.1332,,1.2,1.1,2020-10-30,2118,Aqua,MODIS,60,6.03,,16.8,D,0,MODIS_SP,318,292
37.5174,-119.1131,,1.2,1.1,2020-10-30,2118,Aqua,MODIS,100,6.03,,124.2,D,0,MODIS_SP,364.8,294.5
37.519,-119.0997,,1.2,1.1,2020-10-30,2118,Aqua,MODIS,68,6.03,,18.0,D,0,MODIS_SP,316.6,287.3
37.5501,-119.1085,,1.2,1.1,2020-10-30,2118,Aqua,MODIS,69,6.03,,17.7,D,0,MODIS_SP,318.6,296.7
37.5516,-119.0958,,1.2,1.1,2020-10-30,2118,Aqua,MODIS,22,6.03,,8.6,D,0,MODIS_SP,308.8,292.4
37.552,-119.1763,,1.2,1.1,2020-10-30,2118,Aqua,MODIS,66,6.03,,15.9,D,0,MODIS_SP,318.7,295.9
37.5534,-119.1641,,1.2,1.1,2020-10-30,2118,Aqua,MODIS,69,6.03,,18.1,D,0,MODIS_SP,320.6,295
37.587,-119.2912,,1.1,1.1,2020-10-30,2118,Aqua,MODIS,35,6.03,,8.7,D,0,MODIS_SP,308.4,288.4
38.3019,-121.5264,,1,1,2020-10-30,2118,Aqua,MODIS,72,6.03,,10.6,D,0,MODIS_SP,319.5,303.8
38.456,-121.6791,,1,1,2020-10-30,2119,Aqua,MODIS,77,6.03,,13.1,D,0,MODIS_SP,322.4,305.7
38.4649,-121.6811,,1,1,2020-10-30,2119,Aqua,MODIS,89,6.03,,32.8,D,0,MODIS_SP,338.1,305.5
38.7162,-121.9915,,1,1,2020-10-30,2119,Aqua,MODIS,34,6.03,,4.3,D,0,MODIS_SP,312.7,302.2
38.945,-121.8739,,1,1,2020-10-30,2119,Aqua,MODIS,64,6.03,,8.0,D,0,MODIS_SP,315.6,301.7
38.9466,-121.8624,,1,1,2020-10-30,2119,Aqua,MODIS,80,6.03,,17.2,D,0,MODIS_SP,324.7,300.7
38.9852,-122.0489,,1,1,2020-10-30,2119,Aqua,MODIS,82,6.03,,21.2,D,0,MODIS_SP,327.7,301.1
39.0265,-121.7499,,1,1,2020-10-30,2119,Aqua,MODIS,52,6.03,,8.6,D,0,MODIS_SP,318.1,302.4
39.2702,-122.0496,,1,1,2020-10-30,2119,Aqua,MODIS,71,6.03,,11.0,D,0,MODIS_SP,319.1,304.7
39.2851,-121.6709,,1,1,2020-10-30,2119,Aqua,MODIS,95,6.03,,56.8,D,2,MODIS_SP,349.1,301.7
39.4484,-121.7563,,1,1,2020-10-30,2119,Aqua,MODIS,65,6.03,,7.2,D,0,MODIS_SP,312.8,298.7
39.6271,-122.1335,,1,1,2020-10-30,2119,Aqua,MODIS,39,6.03,,4.0,D,0,MODIS_SP,310.2,299.7
41.1121,-123.2447,,1,1,2020-10-30,2119,Aqua,MODIS,41,6.03,,7.8,D,0,MODIS_SP,310.2,289.6
